istota;projekt;znamka;majitel;cislo;firma;skupina;zhoda_slov;projekt_id
ista;Administratívna budova Panorama City V Business, Bratislava, Landererova ul.;PANORAMA CITY;JTRE a.s.;5378-2013;Menolli;J&T Real Estate;1;administrativna-budova-panorama-city-v-business-bratislava-landererova
ista;Auto Bavaria – Bory;Bory Bývanie;Bory , a. s.;379-2025;Bory;Penta Real Estate;1;auto-bavaria-bory
ista;Auto Bavaria – Bory;B Bory Bývanie;Bory , a. s.;372-2025;Bory;Penta Real Estate;1;auto-bavaria-bory
ista;Auto Bavaria – Bory;B BORY;Bory , a. s.;5465-2009;Bory;Penta Real Estate;1;auto-bavaria-bory
ista;Auto Bavaria – Bory;B BORY HOME;Bory , a. s.;5464-2009;Bory;Penta Real Estate;1;auto-bavaria-bory
ista;Auto Bavaria – Bory;B BORY OFFICE;Bory , a. s.;5463-2009;Bory;Penta Real Estate;1;auto-bavaria-bory
ista;Auto Bavaria – Bory;BORY;Bory , a. s.;5448-2009;Bory;Penta Real Estate;1;auto-bavaria-bory
ista;BORY MALL – Expanzia, Exteriérové parkovisko a BORY BÝVANIE 6 – časť Námestie;B BORY MALL;Bory Mall s. r. o.;5462-2009;Bory Home s.r.o.;Penta Real Estate;2;bory-mall-expanzia-exterierove-parkovisko-bory-byvanie-6-cast-namestie
ista;"Bory Bývanie 4B / Obytný súbor ""Bory Susedské Dvory""";Bory Bývanie;Bory , a. s.;379-2025;Bory Home II;Penta Real Estate;1;bory-byvanie-4b-obytny-subor-bory-susedske-dvory-
ista;"Bory Bývanie 4B / Obytný súbor ""Bory Susedské Dvory""";B Bory Bývanie;Bory , a. s.;372-2025;Bory Home II;Penta Real Estate;1;bory-byvanie-4b-obytny-subor-bory-susedske-dvory-
ista;"Bory Bývanie 4B / Obytný súbor ""Bory Susedské Dvory""";B BORY;Bory , a. s.;5465-2009;Bory Home II;Penta Real Estate;1;bory-byvanie-4b-obytny-subor-bory-susedske-dvory-
ista;"Bory Bývanie 4B / Obytný súbor ""Bory Susedské Dvory""";B BORY HOME;Bory , a. s.;5464-2009;Bory Home II;Penta Real Estate;1;bory-byvanie-4b-obytny-subor-bory-susedske-dvory-
ista;"Bory Bývanie 4B / Obytný súbor ""Bory Susedské Dvory""";B BORY OFFICE;Bory , a. s.;5463-2009;Bory Home II;Penta Real Estate;1;bory-byvanie-4b-obytny-subor-bory-susedske-dvory-
ista;"Bory Bývanie 4B / Obytný súbor ""Bory Susedské Dvory""";BORY;Bory , a. s.;5448-2009;Bory Home II;Penta Real Estate;1;bory-byvanie-4b-obytny-subor-bory-susedske-dvory-
ista;Bory bývanie 4A;Bory Bývanie;Bory , a. s.;379-2025;Bory Home II s.r.o.;Penta Real Estate;1;bory-byvanie-4a
ista;Bory bývanie 4A;B Bory Bývanie;Bory , a. s.;372-2025;Bory Home II s.r.o.;Penta Real Estate;1;bory-byvanie-4a
ista;Bory bývanie 4A;B BORY;Bory , a. s.;5465-2009;Bory Home II s.r.o.;Penta Real Estate;1;bory-byvanie-4a
ista;Bory bývanie 4A;B BORY HOME;Bory , a. s.;5464-2009;Bory Home II s.r.o.;Penta Real Estate;1;bory-byvanie-4a
ista;Bory bývanie 4A;B BORY OFFICE;Bory , a. s.;5463-2009;Bory Home II s.r.o.;Penta Real Estate;1;bory-byvanie-4a
ista;Bory bývanie 4A;BORY;Bory , a. s.;5448-2009;Bory Home II s.r.o.;Penta Real Estate;1;bory-byvanie-4a
ista;Bratislavské podhradie - Vydrica;Vydrica;VYDRICA DEVELOPMENT, a.s.;710-2019;Vydrica a.s.;;1;bratislavske-podhradie-vydrica
ista;Bratislavské podhradie - Vydrica;VYDRICA DEVELOPMENT;VYDRICA DEVELOPMENT, a.s.;689-2019;Vydrica a.s.;;1;bratislavske-podhradie-vydrica
ista;Bytový dom - Fuxova ul., Bratislava;BYTY FUXOVA;JTRE a.s.;5347-2015;FUXTON;J&T Real Estate;1;bytovy-dom-fuxova-ul-bratislava
ista;Bytový dom – Fuxova ul., Bratislava;BYTY FUXOVA;JTRE a.s.;5347-2015;FUXTON;J&T Real Estate;1;bytovy-dom-fuxova-ul-bratislava-1
ista;Bytový súbor Ahoj, Sliačska cesta;ahoj;Ahoj , a.s.;1397-2023;AHOJ DEVELOPMENT;;1;bytovy-subor-ahoj-sliacska-cesta
ista;DANUBIA PARK - GOLFOVÉ IHRISKO;DANUBIA;DANUBIASERVICE , a. s.;1826-2013;Danubia Invest;;1;danubia-park-golfove-ihrisko
ista;DANUBIA PARK ČUNOVO;DANUBIA;DANUBIASERVICE , a. s.;1826-2013;Danubia Invest;;1;danubia-park-cunovo-1
ista;Danubia Park - Protipovodňové opatrenia v zdrži Hrušov, úpravy brehu;DANUBIA;DANUBIASERVICE , a. s.;1826-2013;Danubia Invest;;1;danubia-park-protipovodnove-opatrenia-v-zdrzi-hrusov-upravy-brehu
ista;Dostavba areálu WESTEND, Polyfunkčný objekt CROSSING, Dúbravská cesta, Bratislava;W WESTEND;JTRE a.s.;5244-2014;Westend Crossing;J&T Real Estate;1;dostavba-arealu-westend-polyfunkcny-objekt-crossing-dubravska-cesta-br-2
ista;Dostavba územia autobusovej stanice a prestavba areálu Kablo Bratislava, Mlynské Nivy, na mestské polyfunkčné územie Twin City;nivy;HB REAVIS Slovakia a. s.;555-2020;Twin City a.s.;HB Reavis;1;dostavba-uzemia-autobusovej-stanice-prestavba-arealu-kablo-bratislava-
ista;Dostavba územia autobusovej stanice a prestavba areálu Kablo Bratislava, Mlynské Nivy, na mestské polyfunkčné územie Twin City;Nivy Lab;HB REAVIS Slovakia a. s.;1847-2019;Twin City a.s.;HB Reavis;1;dostavba-uzemia-autobusovej-stanice-prestavba-arealu-kablo-bratislava-
ista;Dostavba územia autobusovej stanice a prestavba areálu Kablo Bratislava, Mlynské Nivy, na mestské polyfunkčné územie Twin City;Nivy X;HB REAVIS Slovakia a. s.;1843-2019;Twin City a.s.;HB Reavis;1;dostavba-uzemia-autobusovej-stanice-prestavba-arealu-kablo-bratislava-
ista;Dostavba územia autobusovej stanice a prestavba areálu Kablo Bratislava, Mlynské Nivy, na mestské polyfunkčné územie Twin City;Nivy Hub;HB REAVIS Slovakia a. s.;1839-2019;Twin City a.s.;HB Reavis;1;dostavba-uzemia-autobusovej-stanice-prestavba-arealu-kablo-bratislava-
ista;Dostavba územia autobusovej stanice a prestavba areálu Kablo Bratislava, Mlynské Nivy, na mestské polyfunkčné územie Twin City;NIVY TOWER;HB REAVIS Slovakia a. s.;2363-2018;Twin City a.s.;HB Reavis;1;dostavba-uzemia-autobusovej-stanice-prestavba-arealu-kablo-bratislava-
ista;Dostavba územia autobusovej stanice a prestavba areálu Kablo Bratislava, Mlynské Nivy, na mestské polyfunkčné územie Twin City;TWIN CITY;HB Reavis Group a. s.;683-2005;Twin City a.s.;HB Reavis;1;dostavba-uzemia-autobusovej-stanice-prestavba-arealu-kablo-bratislava-
ista;Forum Business Center II., Bratislava;BRATISLAVA BUSINESS CENTER;HB REAVIS Slovakia a. s.;2537-2000;Pressburg Urban Projects a.s.;HB Reavis;1;forum-business-center-ii-bratislava
ista;Novostavba administratívnej budovy The Mill;THE MILL;Immocap Mill I s. r. o.;524-2019;Immocap Invest III;;1;novostavba-administrativnej-budovy-the-mill
ista;Nová Matadorka - Revitalizácia areálu závodu MATADOR;Nová Matadorka;OXIO s. r. o.;903-2022;OXIO s. r. o.;;2;nova-matadorka-revitalizacia-arealu-zavodu-matador-
ista;Nový Istropolis;NOVÝ ISTROPOLIS;Trnavské Mýto , a.s.;828-2019;Trnavské Mýto;;2;novy-istropolis
ista;Nový Istropolis;Istropolis;Trnavské Mýto , a.s.;1431-2017;Trnavské Mýto;;1;novy-istropolis
ista;Nový Istropolis – Integrácia funkčných zón;NOVÝ ISTROPOLIS;Trnavské Mýto , a.s.;828-2019;Trnavské Mýto;;2;novy-istropolis-integracia-funkcnych-zon
ista;Nový Istropolis – Integrácia funkčných zón;Istropolis;Trnavské Mýto , a.s.;1431-2017;Trnavské Mýto;;1;novy-istropolis-integracia-funkcnych-zon
ista;OBYTNÝ SÚBOR SLNEČNÝ VRCH I, BRATISLAVA – DEVÍNSKA NOVÁ VES;Slnečný vrch;Slnečný vrch , s.r.o.;209-2025;Slnečný vrch;;2;obytny-subor-slnecny-vrch-i-bratislava-devinska-nova-ves
ista;OMNIA BUSINESS CENTER ZMENA 2016;OMNIA;OMNIA HOLDING, SE;5422-2008;OMNIA INVEST;;1;omnia-business-center-zmena-2016
ista;OMNIA BUSINESS CENTER, Bratislava;OMNIA;OMNIA HOLDING, SE;5422-2008;OMNIAINVEST;;1;omnia-business-center-bratislava
ista;Obchodný dom KIKA II – Bory Mall, Bratislava - Lamač;B BORY MALL;Bory Mall s. r. o.;5462-2009;Bory;Penta Real Estate;2;obchodny-dom-kika-ii-bory-mall-bratislava-lamac
ista;Obytný súbor Rakyta;Rakyta;Rakyta Land Development, a.s.;2884-2021;Rakyta Land Development;Lucron / Vydrica Development;1;obytny-subor-rakyta
ista;Obytný súbor Rakyta Západ, Bratislava;Rakyta;Rakyta Land Development, a.s.;2884-2021;Rakyta Land Development;Lucron / Vydrica Development;1;obytny-subor-rakyta-zapad-bratislava
ista;POLYFUNKČÝ SÚBOR STAVIEB KLINGERKA 2 (stavba č. 5 objekt SO 206) a POLYFUNKČNÝ SÚBOR STAVIEB KLINGERKA 3 (stavba č. 5 objekty SO 301 a SO 302);KLINGERKA;JTRE a.s.;2304-2016;Averta;J&T Real Estate;1;polyfunkcy-subor-stavieb-klingerka-2-stavba-c-5-objekt-so-206-polyfunk
ista;Panorama City – I. etapa;PANORAMA CITY;JTRE a.s.;5378-2013;Panorama byty;J&T Real Estate;1;panorama-city-i-etapa
ista;Polus Tower 3, a.s. Bratislava, Administratívna budova Millennium Tower III;Polus Towers;POLUS , a.s.;810-2026;Polus Tower 3;;1;polus-tower-3--bratislava-administrativna-budova-millennium-tower-iii
ista;Polus Tower 3, a.s. Bratislava, Administratívna budova Millennium Tower III;POLUS;POLUS , a.s.;128-2026;Polus Tower 3;;1;polus-tower-3--bratislava-administrativna-budova-millennium-tower-iii
ista;Polus Tower 3, a.s. Bratislava, Administratívna budova Millennium Tower III;POLUS CITY CENTER;POLUS , a.s.;594-2001;Polus Tower 3;;1;polus-tower-3--bratislava-administrativna-budova-millennium-tower-iii
ista;Polyfunkčná stavba TWIN CITY – zmena stavebných objektov;TWIN CITY;HB Reavis Group a. s.;683-2005;Twin City a.s.;HB Reavis;1;polyfunkcna-stavba-twin-city-zmena-stavebnych-objektov
ista;Polyfunkčný komplex Čerešne 2;Čerešne;ITB Development a.s.;1664-2023;ITIS;ITB Development;1;polyfunkcny-komplex-ceresne-2
ista;Polyfunkčný objekt Autobusová stanica Mlynské Nivy;nivy;HB REAVIS Slovakia a. s.;555-2020;Twin City a.s.;HB Reavis;1;polyfunkcny-objekt-autobusova-stanica-mlynske-nivy
ista;Polyfunkčný objekt Autobusová stanica Mlynské Nivy;Nivy Lab;HB REAVIS Slovakia a. s.;1847-2019;Twin City a.s.;HB Reavis;1;polyfunkcny-objekt-autobusova-stanica-mlynske-nivy
ista;Polyfunkčný objekt Autobusová stanica Mlynské Nivy;Nivy X;HB REAVIS Slovakia a. s.;1843-2019;Twin City a.s.;HB Reavis;1;polyfunkcny-objekt-autobusova-stanica-mlynske-nivy
ista;Polyfunkčný objekt Autobusová stanica Mlynské Nivy;Nivy Hub;HB REAVIS Slovakia a. s.;1839-2019;Twin City a.s.;HB Reavis;1;polyfunkcny-objekt-autobusova-stanica-mlynske-nivy
ista;Polyfunkčný objekt Autobusová stanica Mlynské Nivy;NIVY TOWER;HB REAVIS Slovakia a. s.;2363-2018;Twin City a.s.;HB Reavis;1;polyfunkcny-objekt-autobusova-stanica-mlynske-nivy
ista;Polyfunkčný objekt Autobusová stanica Mlynské Nivy;STANICA NIVY;HB REAVIS Slovakia a. s.;5414-2015;Twin City a.s.;HB Reavis;2;polyfunkcny-objekt-autobusova-stanica-mlynske-nivy
ista;Polyfunkčný objekt Chalupkova R1;Chalupkova;Penta Real Estate , a. s.;2752-2024;Smart City Office I s. r. o.;Penta Real Estate;1;polyfunkcny-objekt-chalupkova-r1
ista;Polyfunkčný objekt Chalupkova R1;Chalupkova Offices;Penta Real Estate , a. s.;2751-2024;Smart City Office I s. r. o.;Penta Real Estate;1;polyfunkcny-objekt-chalupkova-r1
ista;Polyfunkčný objekt Chalupkova R1;Chalupkova Residence;Penta Real Estate , a. s.;2268-2024;Smart City Office I s. r. o.;Penta Real Estate;1;polyfunkcny-objekt-chalupkova-r1
ista;Polyfunkčný objekt Chalupkova R1;Chalupkova Tower;Penta Real Estate , a. s.;2106-2024;Smart City Office I s. r. o.;Penta Real Estate;1;polyfunkcny-objekt-chalupkova-r1
ista;Polyfunkčný súbor NIVI;NIVI;NIVI s.r.o.;2145-2020;NIVI s.r.o.;;1;polyfunkcny-subor-nivi
ista;Polyfunkčný súbor Panorama City – II. etapa, Administratívna budova Panorama City II Business Bratislava, Pribinova a Čulenova ul.;PANORAMA CITY;JTRE a.s.;5378-2013;Wendel;J&T Real Estate;1;polyfunkcny-subor-panorama-city-ii-etapa-administrativna-budova-panora
ista;Polyfunkčný súbor Vajnorská;Vajnorská;Penta Real Estate , a. s.;2337-2024;UNL;Penta Real Estate;1;polyfunkcny-subor-vajnorska
ista;Polyfunkčný súbor stavieb Klingerka 2 a Polyfunkčný súbor stavieb Klingerka 3;KLINGERKA;JTRE a.s.;2304-2016;Kalos;J&T Real Estate;1;polyfunkcny-subor-stavieb-klingerka-2-polyfunkcny-subor-stavieb-klinge
ista;SOUTHBANK Bratislava;SOUTHBANK;Penta Real Estate , a. s.;3001-2024;South Bank s. r. o.;Penta Real Estate;1;southbank-bratislava
ista;Sport & Retail Park SLNEČNICE – JUŽNÉ MESTO;SLNEČNICE;CRESCO GROUP, a. s.;1663-2015;Delta Construction;Cresco Real Estate;1;sport-retail-park-slnecnice-juzne-mesto
ista;TWIN CITY Autobusová stanica, Bratislava;TWIN CITY;HB Reavis Group a. s.;683-2005;Twin City a.s.;HB Reavis;1;twin-city-autobusova-stanica-bratislava
stredna;Administratívna budova Panorama City V Business, Bratislava, Landererova ul.;LANDEREROVA 12 euroveacity;JTRE a.s.;2557-2018;Menolli;J&T Real Estate;1;administrativna-budova-panorama-city-v-business-bratislava-landererova
stredna;Administratívna budova Panorama City V Business, Bratislava, Landererova ul.;PANORAMA TOWERS euroveacity;JTRE a.s.;2555-2018;Menolli;J&T Real Estate;1;administrativna-budova-panorama-city-v-business-bratislava-landererova
stredna;Administratívna budova Panorama City V Business, Bratislava, Landererova ul.;W WESTEND BUSINESS PARK;JTRE a.s.;1424-2012;Menolli;J&T Real Estate;1;administrativna-budova-panorama-city-v-business-bratislava-landererova
stredna;Administratívno - prevádzkové budovy BITTNER GROUP I. a II., Ivánska cesta, Bratislava;BITTNER Travel;BITTNER Travel, s.r.o.;2829-2024;Bittner group;;1;administrativno-prevadzkove-budovy-bittner-group-i-ii-ivanska-cesta-br
stredna;Dostavba areálu WESTEND, Polyfunkčný objekt CROSSING, Dúbravská cesta, Bratislava;WESTEND COURT;JTRE a.s.;5190-2015;Westend Crossing;J&T Real Estate;1;dostavba-arealu-westend-polyfunkcny-objekt-crossing-dubravska-cesta-br-2
stredna;Dostavba areálu WESTEND, Polyfunkčný objekt CROSSING, Dúbravská cesta, Bratislava;WESTEND SQUARE;JTRE a.s.;5188-2015;Westend Crossing;J&T Real Estate;1;dostavba-arealu-westend-polyfunkcny-objekt-crossing-dubravska-cesta-br-2
stredna;Dostavba areálu WESTEND, Polyfunkčný objekt CROSSING, Dúbravská cesta, Bratislava;W WESTEND BUSINESS PARK;JTRE a.s.;1424-2012;Westend Crossing;J&T Real Estate;1;dostavba-arealu-westend-polyfunkcny-objekt-crossing-dubravska-cesta-br-2
stredna;Forum Business Center II., Bratislava;APOLLO BUSINESS CENTER II;HB REAVIS Slovakia a. s.;5290-2008;Pressburg Urban Projects a.s.;HB Reavis;1;forum-business-center-ii-bratislava
stredna;Forum Business Center II., Bratislava;APOLLO BUSINESS CENTER;HB REAVIS Slovakia a. s.;2052-2003;Pressburg Urban Projects a.s.;HB Reavis;1;forum-business-center-ii-bratislava
stredna;METRO Devínska Nová Ves – prístavba Delivery;METRO VÁŠ ÚSPECH JE NÁŠ CIEĽ;MIP METRO Group Intellectual Property GmbH & Co. KG;2141-2018;METRO Group Properties SR;;1;metro-devinska-nova-ves-pristavba-delivery-
stredna;Obytný súbor Grand Koliba;GRAND KOLIBA REZIDENCIE;GRAND KOLIBA , s. r. o.;1148-2016;GRAND KOLIBA;;2;obytny-subor-grand-koliba
stredna;Obytný súbor Teslova;Townhaus Teslova;MTS SVK Development 10, s. r. o.;2916-2025;MTS SVK Development 10;Metrostav Estate;1;obytny-subor-teslova
stredna;Obytný súbor Teslova;Townhaus Teslova;MTS SVK Development 10, s. r. o.;2916-2025;MTS SVK Development 10;Metrostav Estate;1;obytny-subor-teslova
stredna;POLYFUNKČNÝ DOM – Žilinská/Kýčerského ulica, Bratislava – Staré Mesto;Žilinská teplárenská;Žilinská teplárenská, a.s.;2341-2017;Park – Dom Žilinská s.r.o.;;1;polyfunkcny-dom-zilinska-kycerskeho-ulica-bratislava-stare-mesto-1
stredna;Panorama City – I. etapa;PANORAMA TOWERS euroveacity;JTRE a.s.;2555-2018;Panorama byty;J&T Real Estate;1;panorama-city-i-etapa
stredna;Polyfunkčný komplex Zátišie;PARQ ZÁTIŠIE;ATRIOS real estate s.r.o.;2546-2025;ATRIOS real estate s.r.o.;;1;polyfunkcny-komplex-zatisie
stredna;Polyfunkčný súbor Panorama City – II. etapa, Administratívna budova Panorama City II Business Bratislava, Pribinova a Čulenova ul.;PRIBINOVA 10 euroveacity;JTRE a.s.;2556-2018;Wendel;J&T Real Estate;1;polyfunkcny-subor-panorama-city-ii-etapa-administrativna-budova-panora
stredna;Polyfunkčný súbor Panorama City – II. etapa, Administratívna budova Panorama City II Business Bratislava, Pribinova a Čulenova ul.;PANORAMA TOWERS euroveacity;JTRE a.s.;2555-2018;Wendel;J&T Real Estate;1;polyfunkcny-subor-panorama-city-ii-etapa-administrativna-budova-panora
stredna;Polyfunkčný súbor Panorama City – II. etapa, Administratívna budova Panorama City II Business Bratislava, Pribinova a Čulenova ul.;PRIBINOVA 6 euroveacity;JTRE a.s.;2553-2018;Wendel;J&T Real Estate;1;polyfunkcny-subor-panorama-city-ii-etapa-administrativna-budova-panora
stredna;Polyfunkčný súbor Panorama City – II. etapa, Administratívna budova Panorama City II Business Bratislava, Pribinova a Čulenova ul.;PRIBINOVA 19 euroveacity;JTRE a.s.;2552-2018;Wendel;J&T Real Estate;1;polyfunkcny-subor-panorama-city-ii-etapa-administrativna-budova-panora
stredna;Polyfunkčný súbor Panorama City – II. etapa, Administratívna budova Panorama City II Business Bratislava, Pribinova a Čulenova ul.;PRIBINOVA 4 euroveacity;JTRE a.s.;2551-2018;Wendel;J&T Real Estate;1;polyfunkcny-subor-panorama-city-ii-etapa-administrativna-budova-panora
stredna;Polyfunkčný súbor Panorama City – II. etapa, Administratívna budova Panorama City II Business Bratislava, Pribinova a Čulenova ul.;W WESTEND BUSINESS PARK;JTRE a.s.;1424-2012;Wendel;J&T Real Estate;1;polyfunkcny-subor-panorama-city-ii-etapa-administrativna-budova-panora
stredna;Polyfunkčný súbor Vajnorská;Etapy Vajnorská;Penta Real Estate , a. s.;694-2025;UNL;Penta Real Estate;1;polyfunkcny-subor-vajnorska
stredna;RETAIL PARK BORY;BORY RETAIL WAREHOUSING;Bory , a. s.;552-2016;Bory;Penta Real Estate;2;retail-park-bory
stredna;RETAIL PARK BORY;BORY RETAIL ZONE;Bory , a. s.;1055-2015;Bory;Penta Real Estate;2;retail-park-bory
stredna;Revitalizácia a transformácia časti brownfieldu PALMA;PALMA UPTOWN OFFICES;CORWIN SK a.s.;947-2023;CG SK SPV 1 s.r.o.;Corwin;1;revitalizacia-transformacia-casti-brownfieldu-palma
stredna;Revitalizácia a transformácia časti brownfieldu PALMA;PALMA NAJPRV ĽUDIA;CORWIN SK a.s.;1329-2022;CG SK SPV 1 s.r.o.;Corwin;1;revitalizacia-transformacia-casti-brownfieldu-palma
stredna;SHARK Centrum, Bratislava;STEIGER SHARK COMPANY;SHARK COMPANY, s.r.o.;755-2006;SHARK Invest s.r.o.;;1;shark-centrum-bratislava
stredna;Supermarket BILLA Bratislava - Podunajské Biskupice;BILLA ľuďom;BILLA s.r.o.;1902-2016;BILLA Reality Slovensko spol. s.r.o.;;1;supermarket-billa-bratislava-podunajske-biskupice
stredna;TWIN CITY Autobusová stanica, Bratislava;STANICA NIVY;HB REAVIS Slovakia a. s.;5414-2015;Twin City a.s.;HB Reavis;1;twin-city-autobusova-stanica-bratislava
stredna;Zariadenie aeróbneho zhodnocovania odpadu;OLO Odvoz a likvidácia odpadu a.s.;Odvoz a likvidácia odpadu a.s . v skratke : OLO a.s .;3144-2021;Odvoz a likvidácia odpadu a.s.;;1;zariadenie-aerobneho-zhodnocovania-odpadu
navrh;Administratívna budova Panorama City V Business, Bratislava, Landererova ul.;TOWER 115 TAKES YOUR BUSINESS HIGHER;JTRE a.s.;5191-2015;Menolli;J&T Real Estate;1;administrativna-budova-panorama-city-v-business-bratislava-landererova
navrh;Areál pre distribúciu a prípravu liekov Bratislava;SOS LEKÁREŇ SKÚSENOSŤ + OCHOTA + SERIÓZNOSŤ;UNIMED , spol. s r.o.;1316-2014;UNIMED;;0;areal-pre-distribuciu-pripravu-liekov-bratislava
navrh;Auto Bavaria – Bory;Bory Nové Bloky - Bývajte pohodlne, v mestskom štýle.;Bory , a. s.;795-2026;Bory;Penta Real Estate;1;auto-bavaria-bory
navrh;Auto Bavaria – Bory;Bory Bývanie - Pohodlná štvrť pre pohodlný život;Bory , a. s.;376-2025;Bory;Penta Real Estate;1;auto-bavaria-bory
navrh;"Bory Bývanie 4B / Obytný súbor ""Bory Susedské Dvory""";Bory Nové Bloky - Bývajte pohodlne, v mestskom štýle.;Bory , a. s.;795-2026;Bory Home II;Penta Real Estate;1;bory-byvanie-4b-obytny-subor-bory-susedske-dvory-
navrh;"Bory Bývanie 4B / Obytný súbor ""Bory Susedské Dvory""";Bory Bývanie - Pohodlná štvrť pre pohodlný život;Bory , a. s.;376-2025;Bory Home II;Penta Real Estate;1;bory-byvanie-4b-obytny-subor-bory-susedske-dvory-
navrh;Bory bývanie 4A;Bory Nové Bloky - Bývajte pohodlne, v mestskom štýle.;Bory , a. s.;795-2026;Bory Home II s.r.o.;Penta Real Estate;1;bory-byvanie-4a
navrh;Bory bývanie 4A;Bory Bývanie - Pohodlná štvrť pre pohodlný život;Bory , a. s.;376-2025;Bory Home II s.r.o.;Penta Real Estate;1;bory-byvanie-4a
navrh;Bratislavské podhradie - Vydrica;VYDRICA Hlavné miesto Bratislavy;VYDRICA DEVELOPMENT, a.s.;705-2019;Vydrica a.s.;;1;bratislavske-podhradie-vydrica
navrh;Bratislavské podhradie - Vydrica;Made by Vydrica;VYDRICA DEVELOPMENT, a.s.;696-2019;Vydrica a.s.;;1;bratislavske-podhradie-vydrica
navrh;Bytové domy Bystrická;BANSKOBYSTRICKÁ REGIONÁLNA SPRÁVA CIEST;Banskobystrická regionálna správa ciest, a.s.;2080-2022;Bystrická;;0;bytove-domy-bystricka
navrh;Dostavba územia autobusovej stanice a prestavba areálu Kablo Bratislava, Mlynské Nivy, na mestské polyfunkčné územie Twin City;Nové Nivy by HB Reavis;HB Reavis Group a. s.;1842-2019;Twin City a.s.;HB Reavis;1;dostavba-uzemia-autobusovej-stanice-prestavba-arealu-kablo-bratislava-
navrh;Forum Business Center II., Bratislava;ALVY;Pressburg Urban Projects a. s.;2823-2025;Pressburg Urban Projects a.s.;HB Reavis;0;forum-business-center-ii-bratislava
navrh;Montážno – skladová hala Záhorská Bystrica;CENTROPROJEKT;CENTROPROJEKT GROUP a.s.;1321-2006;Centrop s.r.o.;;0;montazno-skladova-hala-zahorska-bystrica
navrh;OBYTNÝ SÚBOR SLNEČNÝ VRCH I, BRATISLAVA – DEVÍNSKA NOVÁ VES;SLNEČNÝ VRCH DEVÍNSKA NOVÁ VES;Slnečný vrch , s.r.o.;1564-2019;Slnečný vrch;;4;obytny-subor-slnecny-vrch-i-bratislava-devinska-nova-ves
navrh;POLYFUNKČNÝ OBJEKT TOMÁŠIKOVA, Bratislava – Nové Mesto;MERIUS;MERIUS , a.s.;3494-2000;MERIUS;;0;polyfunkcny-objekt-tomasikova-bratislava-nove-mesto
navrh;Polyfunkčné domy Podunajská ul., Bratislava;Apollo Residence;Apollo Residence s. r. o.;648-2015;Apollo Group a. s.;;0;polyfunkcne-domy-podunajska-ul-bratislava
navrh;Polyfunkčný komplex GREEN ATRIUM;JJ68;Jágr Team, s.r.o.;499-2021;JAGR;;0;polyfunkcny-komplex-green-atrium
navrh;Polyfunkčný komplex Klingerka - Bratislava;one FASHION OUTLET;KORUNA Finance s.r.o.;5655-2010;KORUNA Reality a.s.;;0;polyfunkcny-komplex-klingerka-bratislava
navrh;Polyfunkčný objekt - Budatínska ulica, Bratislava - Petržalka;IMPA;IMPA Bratislava, a. s.;1075-2017;IMPA Bratislava;;0;polyfunkcny-objekt-budatinska-ulica-bratislava-petrzalka
navrh;Polyfunkčný objekt Autobusová stanica Mlynské Nivy;Nové Nivy by HB Reavis;HB Reavis Group a. s.;1842-2019;Twin City a.s.;HB Reavis;1;polyfunkcny-objekt-autobusova-stanica-mlynske-nivy
navrh;Polyfunkčný objekt Chalupkova R1;"Chalupkova - V súlade s mestom; In sync with the city";Penta Real Estate , a. s.;3005-2024;Smart City Office I s. r. o.;Penta Real Estate;1;polyfunkcny-objekt-chalupkova-r1
navrh;Polyfunkčný súbor Panorama City – II. etapa, Administratívna budova Panorama City II Business Bratislava, Pribinova a Čulenova ul.;Pribinova 1;JTRE a.s.;2266-2026;Wendel;J&T Real Estate;1;polyfunkcny-subor-panorama-city-ii-etapa-administrativna-budova-panora
navrh;Polyfunkčný súbor Panorama City – II. etapa, Administratívna budova Panorama City II Business Bratislava, Pribinova a Čulenova ul.;Pribinova 40;JTRE a.s.;2319-2023;Wendel;J&T Real Estate;1;polyfunkcny-subor-panorama-city-ii-etapa-administrativna-budova-panora
navrh;Polyfunkčný súbor Panorama City – II. etapa, Administratívna budova Panorama City II Business Bratislava, Pribinova a Čulenova ul.;Pribinova 34;JTRE a.s.;2315-2023;Wendel;J&T Real Estate;1;polyfunkcny-subor-panorama-city-ii-etapa-administrativna-budova-panora
navrh;Polyfunkčný súbor Panorama City – II. etapa, Administratívna budova Panorama City II Business Bratislava, Pribinova a Čulenova ul.;TOWER 115 TAKES YOUR BUSINESS HIGHER;JTRE a.s.;5191-2015;Wendel;J&T Real Estate;1;polyfunkcny-subor-panorama-city-ii-etapa-administrativna-budova-panora
navrh;Polyfunkčný súbor Vajnorská;Etapy Vajnorská - Na živej adrese;Penta Real Estate , a. s.;690-2025;UNL;Penta Real Estate;1;polyfunkcny-subor-vajnorska
navrh;SOUTHBANK Bratislava;"Southbank - V súlade s prírodou; In tune with nature";Penta Real Estate , a. s.;3006-2024;South Bank s. r. o.;Penta Real Estate;1;southbank-bratislava
navrh;SOUTHBANK Bratislava;SOUTHBANK in tune with nature;Penta Real Estate , a. s.;2993-2024;South Bank s. r. o.;Penta Real Estate;1;southbank-bratislava
